{"cameraMode":{"drawMode":0,"name":"Shaded","section":"Shading Mode"},"sceneLighting":false,"audioPlay":false,"sceneViewState":{"m_AlwaysRefresh":false,"showFog":false,"showSkybox":false,"showFlares":false,"showImageEffects":false,"showParticleSystems":false,"showVisualEffectGraphs":true,"m_FxEnabled":true},"in2DMode":false,"pivot":{"x":0.04326111078262329,"y":1.3276513814926148,"z":-0.3352186679840088},"rotation":{"x":0.0068282028660178188,"y":0.9922811985015869,"z":-0.06591281294822693,"w":0.10551518946886063},"size":1.0612910985946656,"orthographic":false}