{"cameraMode":{"drawMode":0,"name":"Shaded","section":"Shading Mode"},"sceneLighting":false,"audioPlay":false,"sceneViewState":{"m_AlwaysRefresh":false,"showFog":false,"showSkybox":false,"showFlares":false,"showImageEffects":false,"showParticleSystems":false,"showVisualEffectGraphs":true,"m_FxEnabled":true},"in2DMode":false,"pivot":{"x":-0.00013703107833862305,"y":0.8166151642799377,"z":0.028318196535110475},"rotation":{"x":-0.0018537705764174462,"y":0.9949793815612793,"z":-0.01670793443918228,"w":-0.09939955919981003},"size":1.5355141162872315,"orthographic":false}